rank,cityId,displayName,country,region,slicScore,pressureScore,viabilityScore,capabilityScore,communityScore,creativeScore,coverageGrade,rankingStatus
1,tw-taichung,"Taichung","Taiwan","East Asia",78.9,76,,,91.8,74.7,Watchlist,Watchlist
2,us-raleigh,"Raleigh","United States","North America",69,75.1,76,79.1,53.8,62,A,Ranked
3,ca-montreal,"Montreal","Canada","North America",68.9,62.3,93.3,75.3,74.1,54.1,A,Ranked
4,tw-kaohsiung,"Kaohsiung","Taiwan","East Asia",66.7,66.1,86.5,90.6,47.1,56.9,A,Ranked
5,us-minneapolis,"Minneapolis","United States","North America",64.6,71.6,69.1,79.1,44.2,62,A,Ranked
6,us-pittsburgh,"Pittsburgh","United States","North America",64.5,76,65.1,79.1,50.2,55.7,A,Ranked
7,nl-eindhoven,"Eindhoven","Netherlands","Western, Northern, and Southern Europe",64.3,64.6,97.6,71.8,65.7,42.8,A,Ranked
8,at-graz,"Graz","Austria","Western, Northern, and Southern Europe",63.9,62.4,87.1,74.4,73.4,41.4,A,Ranked
9,tw-taipei,"Taipei","Taiwan","East Asia",63.8,48.4,89.5,89.7,47.1,69.4,A,Ranked
10,ca-ottawa,"Ottawa","Canada","North America",63.5,55.3,93.3,75.3,75.6,44.2,A,Ranked
11,cz-prague,"Prague","Czechia","Southern/Eastern Europe and Eurasia",63.5,62,90.6,61.9,87.7,42.4,A,Ranked
12,kr-jeju-city,"Jeju City","South Korea","East Asia",61.6,56.2,99.2,85.8,44.8,50.6,A,Ranked
13,fr-lyon,"Lyon","France","Western, Northern, and Southern Europe",60.6,52.4,97.9,63.9,73.1,45.1,A,Ranked
14,pt-braga,"Braga","Portugal","Western, Northern, and Southern Europe",60.6,58.4,95.7,68.8,57.9,43.8,A,Ranked
15,kr-busan,"Busan","South Korea","East Asia",60.5,53.2,99.2,85.8,44.8,50.6,A,Ranked
16,it-milan,"Milan","Italy","Western, Northern, and Southern Europe",60.5,88.5,85.8,66.9,58.4,29.4,A,Ranked
17,kr-incheon,"Incheon","South Korea","East Asia",60.5,53.3,99.2,85.8,44.8,50.6,A,Ranked
18,kr-suwon,"Suwon","South Korea","East Asia",60.3,53.3,93.1,85.8,45.1,50.6,A,Ranked
19,sg-singapore,"Singapore","Singapore","Southeast Asia",60.2,43.3,87.4,94.1,38.8,73.3,A,Ranked
20,dk-copenhagen,"Copenhagen","Denmark","Western, Northern, and Southern Europe",59.9,33.1,97.9,71.3,89.6,61.5,A,Ranked
21,au-perth,"Perth","Australia","Oceania",59.8,45.3,89.5,87.1,56.3,51.2,A,Ranked
22,jp-tokyo,"Tokyo","Japan","East Asia",59.5,46.2,94.2,76.8,70.2,44.2,A,Ranked
23,ca-toronto,"Toronto","Canada","North America",59.3,38.7,93.3,75.3,72.5,54.1,A,Ranked
24,cl-valparaiso,"Valparaiso","Chile","Latin America",58.9,58.3,72.7,73.6,56.9,43,A,Ranked
25,us-chicago,"Chicago","United States","North America",58.6,56,56.6,79.1,47.6,62,A,Ranked
26,pt-porto,"Porto","Portugal","Western, Northern, and Southern Europe",58.6,52.5,95.7,68.8,57.9,43.8,A,Ranked
27,th-bangkok,"Bangkok","Thailand","Southeast Asia",58.5,45.4,84.9,62.5,90,46,A,Ranked
28,au-adelaide,"Adelaide","Australia","Oceania",58.5,43.7,89.5,87.1,56.3,49.2,A,Ranked
29,ch-zurich,"Zurich","Switzerland","Western, Northern, and Southern Europe",58.3,39.1,97.6,72.7,76,49.4,A,Ranked
30,ee-tallinn,"Tallinn","Estonia","Western, Northern, and Southern Europe",58.2,51,90.1,58.4,49,57.8,A,Ranked
31,au-brisbane,"Brisbane","Australia","Oceania",58.2,39.7,89.5,87.1,56.3,54.4,A,Ranked
32,au-melbourne,"Melbourne","Australia","Oceania",58.2,36.4,89.5,87.1,56.3,60.5,A,Ranked
33,fi-helsinki,"Helsinki","Finland","Western, Northern, and Southern Europe",58.2,40.9,91.5,81,57.5,52.9,A,Ranked
34,uk-london,"London","United Kingdom","Western, Northern, and Southern Europe",58.2,35.1,82.8,78.4,70.2,59.3,A,Ranked
35,il-haifa,"Haifa","Israel","Middle East",58.1,66.9,58,64.7,45.8,54.7,A,Watchlist
36,at-vienna,"Vienna","Austria","Western, Northern, and Southern Europe",58.1,46.8,87.1,74.4,71.1,41.4,A,Ranked
37,cl-santiago,"Santiago","Chile","Latin America",57.9,50.7,72.7,83.8,56.9,44.6,A,Ranked
38,us-new-york,"New York","United States","North America",57.7,27.1,85.4,82,68.5,75.3,A,Ranked
39,jp-fukuoka,"Fukuoka","Japan","East Asia",57.6,59,94.5,67.4,46.6,42.3,A,Ranked
40,nz-dunedin,"Dunedin","New Zealand","Oceania",57.5,51.2,92.6,85.7,57.2,37.1,A,Ranked
41,nz-christchurch,"Christchurch","New Zealand","Oceania",57.2,45.8,92.6,85.7,57.2,41.9,A,Ranked
42,ca-vancouver,"Vancouver","Canada","North America",57.1,34.7,93.3,75.3,70.2,54.1,A,Ranked
43,it-venice,"Venice","Italy","Western, Northern, and Southern Europe",56.8,53.9,84.7,67.8,68.6,34.8,A,Ranked
44,pl-torun,"Torun","Poland","Southern/Eastern Europe and Eurasia",56,68.4,79.5,65.1,52,31.9,A,Ranked
45,ae-abu-dhabi,"Abu Dhabi","United Arab Emirates","Middle East",55.9,70.5,92.6,62,29.5,46.2,A,Ranked
46,nz-wellington,"Wellington","New Zealand","Oceania",55.9,37.8,92.6,85.7,57.2,48.8,A,Ranked
47,il-tel-aviv,"Tel Aviv","Israel","Middle East",55.8,47.2,75.2,64.7,46.6,54.7,A,Watchlist
48,jp-hiroshima,"Hiroshima","Japan","East Asia",55.8,59,94.5,67.4,46.6,37.3,A,Ranked
49,jp-sapporo,"Sapporo","Japan","East Asia",55.8,59,94.5,67.4,46.6,37.3,A,Ranked
50,ae-dubai,"Dubai","United Arab Emirates","Middle East",55.8,69.8,92.6,62,29.5,46.2,A,Ranked
51,pl-katowice,"Katowice","Poland","Southern/Eastern Europe and Eurasia",55.4,65.9,79.5,65.1,52,31.9,A,Ranked
52,jp-kobe,"Kobe","Japan","East Asia",55.4,58,94.5,67.4,46.6,37.3,A,Ranked
53,bh-manama,"Manama","Bahrain","Middle East",55.3,66.4,79.7,57.8,39.7,42.5,A,Ranked
54,au-sydney,"Sydney","Australia","Oceania",54.5,27.8,89.5,87.1,56.3,63.9,A,Ranked
55,nz-auckland,"Auckland","New Zealand","Oceania",54.4,32.4,92.6,85.7,57.2,52.9,A,Ranked
56,pl-gdansk,"Gdansk","Poland","Southern/Eastern Europe and Eurasia",54.3,60.9,79.5,65.1,52,31.9,A,Ranked
57,it-bologna,"Bologna","Italy","Western, Northern, and Southern Europe",54,56.4,88.2,66.9,58.4,29.4,A,Ranked
58,nl-amsterdam,"Amsterdam","Netherlands","Western, Northern, and Southern Europe",53.9,37.6,97.6,71.8,65.7,42.8,A,Ranked
59,sk-bratislava,"Bratislava","Slovakia","Southern/Eastern Europe and Eurasia",53.9,57.3,89.7,49.7,63.2,35.3,A,Ranked
60,au-hobart,"Hobart","Australia","Oceania",52.5,33.8,89.5,87.1,56.3,45.1,A,Ranked
61,pl-krakow,"Krakow","Poland","Southern/Eastern Europe and Eurasia",52.3,53.5,79.5,65.1,52,31.9,A,Ranked
62,mu-port-louis,"Port Louis","Mauritius","Africa",51.2,56,76.2,47,39.6,45.4,A,Ranked
63,my-melaka,"Melaka","Malaysia","Southeast Asia",49.5,63,75.3,52.4,40.3,31.5,A,Ranked
64,ro-bucharest,"Bucharest","Romania","Southern/Eastern Europe and Eurasia",49.5,57.5,81.4,50.6,40.7,34.8,A,Ranked
65,my-kota-kinabalu,"Kota Kinabalu","Malaysia","Southeast Asia",49.3,61.5,77.9,52.4,40,31.5,A,Ranked
66,my-kuching,"Kuching","Malaysia","Southeast Asia",49.3,61.5,73.7,52.4,41.1,31.5,A,Ranked
67,uy-montevideo,"Montevideo","Uruguay","Latin America",49.1,52.4,59.5,74.6,64.6,24.4,A,Ranked
68,sa-khobar,"Khobar","Saudi Arabia","Middle East",48.9,91.3,96.3,78.9,17.2,24.1,A,Ranked
69,sa-jeddah,"Jeddah","Saudi Arabia","Middle East",48.8,90.6,96.3,78.9,17.2,24.1,A,Ranked
70,sa-riyadh,"Riyadh","Saudi Arabia","Middle East",48.7,89.9,96.3,78.9,17.2,24.1,A,Ranked
71,fr-paris,"Paris","France","Western, Northern, and Southern Europe",48.6,27.7,97.9,63.9,69.2,45.1,A,Ranked
72,my-george-town,"George Town","Malaysia","Southeast Asia",48.6,58,73.7,52.4,41.1,31.5,A,Ranked
73,pr-san-juan,"San Juan","Puerto Rico","North America",48.2,43.8,59.2,68.3,63.3,45.8,B,Ranked
74,hu-budapest,"Budapest","Hungary","Southern/Eastern Europe and Eurasia",48.1,47.2,93.1,55.5,63.5,26.2,A,Ranked
75,my-kuala-lumpur,"Kuala Lumpur","Malaysia","Southeast Asia",46.8,51,73.7,52.4,41.1,31.5,A,Ranked
76,th-hat-yai,"Hat Yai","Thailand","Southeast Asia",46.6,55.1,66.7,56.4,52.2,22.8,A,Ranked
77,om-salalah,"Salalah","Oman","Middle East",45.4,73.9,71.1,42,31.2,30.6,A,Ranked
78,cr-san-jose,"San Jose","Costa Rica","North America",45.3,45.7,43.5,66,47.9,35.9,A,Ranked
79,mv-male,"Male","Maldives","South Asia",45,54.6,72.1,39.8,35.8,35.4,A,Ranked
80,th-phuket,"Phuket","Thailand","Southeast Asia",44.9,48,68,56.4,52.2,22.8,A,Ranked
81,om-muscat,"Muscat","Oman","Middle East",44.7,66.9,71.1,42,31.2,30.6,A,Ranked
82,qa-doha,"Doha","Qatar","Middle East",44.7,59,73.9,54.4,18.6,37.6,A,Ranked
83,ar-cordoba,"Cordoba","Argentina","Latin America",44.5,67.5,69.2,78.6,46.8,10.2,A,Ranked
84,pa-panama-city,"Panama City","Panama","North America",44.2,61,44,64.2,41.8,26.9,A,Ranked
85,th-chiang-mai,"Chiang Mai","Thailand","Southeast Asia",43.8,54.3,49.7,56.4,52.2,22.8,A,Ranked
86,rs-belgrade,"Belgrade","Serbia","Southern/Eastern Europe and Eurasia",43.1,46.5,74.8,53.2,32.1,30.3,A,Ranked
87,cn-tianjin,"Tianjin","China","East Asia",42.4,43.5,98.6,71.9,19.7,37.1,A,Ranked
88,br-curitiba,"Curitiba","Brazil","Latin America",42.2,51.8,45.1,69.5,36.3,27.6,A,Ranked
89,kw-kuwait-city,"Kuwait City","Kuwait","Middle East",42.2,91.4,69.2,65,19.7,19.9,A,Ranked
90,br-florianopolis,"Florianopolis","Brazil","Latin America",41.9,50.4,45.1,69.5,36.3,27.6,A,Ranked
91,ar-buenos-aires,"Buenos Aires","Argentina","Latin America",41.8,55.4,69.2,78.6,46.8,10.2,A,Ranked
92,cn-chongqing,"Chongqing","China","East Asia",41,38.5,75.2,71.9,20.3,37.1,A,Ranked
93,cn-chengdu,"Chengdu","China","East Asia",40.9,37.8,77,71.9,20.5,37.1,A,Ranked
94,cn-guangzhou,"Guangzhou","China","East Asia",40,38.1,98.6,71.9,19.7,37.1,A,Ranked
95,br-sao-paulo,"Sao Paulo","Brazil","Latin America",39.9,42.7,45.1,69.5,36.3,27.6,A,Ranked
96,cn-hangzhou,"Hangzhou","China","East Asia",39,33.5,84,71.9,20.6,37.1,A,Ranked
97,cn-shenzhen,"Shenzhen","China","East Asia",38.7,35.3,98.6,71.9,19.7,37.1,A,Ranked
98,cn-nanjing,"Nanjing","China","East Asia",38.4,52.6,75.3,59,7.1,34.5,A,Ranked
99,do-santo-domingo,"Santo Domingo","Dominican Republic","North America",38.2,36.9,,53.7,46.6,28.2,Watchlist,Watchlist
100,lt-vilnius,"Vilnius","Lithuania","Southern/Eastern Europe and Eurasia",36.9,65,,41.6,74,41.4,C,Ranked
101,cn-shanghai,"Shanghai","China","East Asia",36.7,31.3,98.6,71.9,19.7,37.1,A,Ranked
102,pe-arequipa,"Arequipa","Peru","Latin America",36.3,57.5,34.1,42.3,34.9,24.7,A,Ranked
103,pe-lima,"Lima","Peru","Latin America",35.8,51.3,34.1,42.3,34.9,24.7,A,Ranked
104,ru-nizhny-novgorod,"Nizhny Novgorod","Russia","Southern/Eastern Europe and Eurasia",35.7,70.7,62.4,59.2,15.9,15.5,A,Ranked
105,bw-gaborone,"Gaborone","Botswana","Africa",35.7,51.4,31.9,22.2,45.2,39,A,Ranked
106,fj-suva,"Suva","Fiji","Oceania",35.7,45.8,36.1,47.7,30.8,25.1,A,Ranked
107,co-medellin,"Medellin","Colombia","Latin America",35,54.4,28,66.3,41.9,19.6,A,Ranked
108,co-bogota,"Bogota","Colombia","Latin America",34.1,48.7,28,66.3,41.9,19.6,A,Ranked
109,ph-cebu-city,"Cebu City","Philippines","Southeast Asia",33.2,55.8,38.2,40.4,30.8,17.5,A,Ranked
110,ph-makati,"Makati","Philippines","Southeast Asia",33,52.1,38.2,40.4,30.8,17.5,A,Ranked
111,na-windhoek,"Windhoek","Namibia","Africa",32.9,42.7,30.5,32.1,39.3,25.4,A,Ranked
112,id-surabaya,"Surabaya","Indonesia","Southeast Asia",32.7,63.7,40.8,35.1,29.9,17.8,A,Ranked
113,id-jakarta,"Jakarta","Indonesia","Southeast Asia",32.7,58.6,40.8,35.1,29.9,17.8,A,Ranked
114,ma-rabat,"Rabat","Morocco","Africa",32.4,46.9,59.9,34.1,24.2,18.8,A,Ranked
115,lv-riga,"Riga","Latvia","Southern/Eastern Europe and Eurasia",32.4,60.6,,33.5,76.2,40.3,C,Ranked
116,ma-casablanca,"Casablanca","Morocco","Africa",32.3,46,59.9,34.1,24.2,18.8,A,Ranked
117,se-gothenburg,"Gothenburg","Sweden","Western, Northern, and Southern Europe",31.5,65.3,,14.5,95.5,63.3,C,Ranked
118,in-hyderabad,"Hyderabad","India","South Asia",31.3,44.7,53.1,30.4,33.5,14.6,A,Ranked
119,in-pune,"Pune","India","South Asia",31.2,44.4,53.1,30.4,33.5,14.6,A,Ranked
120,ec-cuenca,"Cuenca","Ecuador","Latin America",31.1,42.6,,78.8,61,8,Watchlist,Watchlist
121,in-bengaluru,"Bengaluru","India","South Asia",31.1,43.9,53.1,30.4,33.5,14.6,A,Ranked
122,in-chandigarh,"Chandigarh","India","South Asia",30.6,43.9,44.1,30.4,34.1,14.6,A,Ranked
123,rw-kigali,"Kigali","Rwanda","Africa",30.5,56,47.2,15.8,30.5,24.8,A,Ranked
124,ru-moscow,"Moscow","Russia","Southern/Eastern Europe and Eurasia",30.5,41,62.4,59.2,15.9,15.5,A,Ranked
125,lk-kandy,"Kandy","Sri Lanka","South Asia",29,51.5,40.7,33.7,28.6,11.7,A,Ranked
126,jo-aqaba,"Aqaba","Jordan","Middle East",28.9,43.2,66,46.5,11.5,17,A,Ranked
127,lk-colombo,"Colombo","Sri Lanka","South Asia",28.9,48.8,40.7,33.7,28.6,11.7,A,Ranked
128,bt-thimphu,"Thimphu","Bhutan","South Asia",28.6,47.2,47,25.2,40.4,10.2,A,Ranked
129,vn-da-nang,"Da Nang","Vietnam","Southeast Asia",28.2,51.7,,44.3,28.1,20.8,B,Ranked
130,jo-amman,"Amman","Jordan","Middle East",28.1,40.3,66,46.5,11.5,17,A,Ranked
131,ge-tbilisi,"Tbilisi","Georgia","Southern/Eastern Europe and Eurasia",26.7,50,,33.1,40.9,43.1,C,Ranked
132,es-valencia,"Valencia","Spain","Western, Northern, and Southern Europe",26.6,59.8,,31.1,87.1,30.4,C,Ranked
133,za-johannesburg,"Johannesburg","South Africa","Africa",26.3,34.3,15.1,26.3,42.3,29.8,A,Ranked
134,za-cape-town,"Cape Town","South Africa","Africa",26.2,34.2,15.1,26.3,42.3,29.8,A,Ranked
135,hr-zagreb,"Zagreb","Croatia","Southern/Eastern Europe and Eurasia",25.7,61.9,,17.8,77.4,42.3,C,Ranked
136,gh-accra,"Accra","Ghana","Africa",25.3,55.6,35.9,14.9,30.3,17.8,A,Ranked
137,gh-kumasi,"Kumasi","Ghana","Africa",25.1,59.4,35.9,14.9,30.3,17.8,A,Ranked
138,mx-merida,"Merida","Mexico","North America",25.1,53.7,13.3,55.5,40.5,14.1,A,Ranked
139,mx-guadalajara,"Guadalajara","Mexico","North America",24.8,49.9,13.3,55.5,40.5,14.1,A,Ranked
140,ie-cork,"Cork","Ireland","Western, Northern, and Southern Europe",24.5,82.1,,13.3,91.8,37.4,C,Ranked
141,vu-port-vila,"Port Vila","Vanuatu","Oceania",24.3,22.8,,26.7,55.4,21.9,Watchlist,Watchlist
142,ke-nairobi,"Nairobi","Kenya","Africa",23.9,48.5,45.1,12.5,28.1,14.5,A,Ranked
143,mx-mexico-city,"Mexico City","Mexico","North America",23.3,39.2,13.3,55.5,40.5,14.1,A,Ranked
144,tz-dar-es-salaam,"Dar es Salaam","Tanzania","Africa",22.9,31.8,,59.8,24.1,12.7,Watchlist,Watchlist
145,np-pokhara,"Pokhara","Nepal","South Asia",22.3,44.3,37.6,12.2,21.7,16.6,A,Ranked
146,np-kathmandu,"Kathmandu","Nepal","South Asia",22.3,42.3,37.6,12.2,21.7,16.6,A,Ranked
147,bd-chattogram,"Chattogram","Bangladesh","South Asia",21.7,51.3,48.3,10.8,19.6,15.7,A,Ranked
148,no-bergen,"Bergen","Norway","Western, Northern, and Southern Europe",21.7,76.4,,3.2,97.8,48.8,C,Ranked
149,bd-dhaka,"Dhaka","Bangladesh","South Asia",21.6,49.3,48.3,10.8,19.6,15.7,A,Ranked
150,ws-apia,"Apia","Samoa","Oceania",18.6,27.6,,,55.5,10.2,Watchlist,Watchlist
151,py-asuncion,"Asuncion","Paraguay","Latin America",17.5,40.4,,74.7,45.4,14.9,C,Ranked
152,be-antwerp,"Antwerp","Belgium","Western, Northern, and Southern Europe",16.9,65.1,,4.4,87.9,40.4,C,Ranked
153,kh-phnom-penh,"Phnom Penh","Cambodia","Southeast Asia",16.6,43.9,,18.2,34.5,36.3,C,Ranked
154,cz-brno,"Brno","Czechia","Southern/Eastern Europe and Eurasia",15.5,70.5,,0,84.3,42.4,C,Ranked
155,sn-dakar,"Dakar","Senegal","Africa",11.4,40.5,0.7,10.6,26.3,26.7,A,Ranked
156,de-munich,"Munich","Germany","Western, Northern, and Southern Europe",10.8,18.3,,27.1,65,36.2,C,Ranked
157,pk-islamabad,"Islamabad","Pakistan","South Asia",10.7,47.5,32.7,8.1,13,4.4,A,Ranked
158,pk-karachi,"Karachi","Pakistan","South Asia",10.6,48,32.7,8.1,13,4.4,A,Ranked
159,pk-lahore,"Lahore","Pakistan","South Asia",10.6,48.3,32.7,8.1,13,4.4,A,Ranked
160,pg-port-moresby,"Port Moresby","Papua New Guinea","Oceania",10.5,18.9,,,28.6,3.7,Watchlist,Watchlist
161,si-ljubljana,"Ljubljana","Slovenia","Southern/Eastern Europe and Eurasia",10.2,67,,0,90.6,33.2,C,Ranked
162,ug-kampala,"Kampala","Uganda","Africa",8.7,31.8,,68.7,15.1,22.5,C,Ranked
163,eg-alexandria,"Alexandria","Egypt","Africa",2.4,45,,11.3,7.7,30.6,C,Ranked